Characteristic,Full Elaboration,Unit,Note,Reference,Link to Reference
ICAO_Code,International Civil Aviation Organization (ICAO) Aircraft Type Designator,Not Applicable,Standard abbreviations for aircraft assigned by ICAO that are most commonly used by air traffic services.,ICAO Website,https://www.icao.int/publications/doc8643/pages/search.aspx
FAA_Designator,Federal Aviation Administration (FAA) Aircraft Type Designator,Not Applicable,Standard abbreviations for aircraft assigned by FAA that are most commonly used by air traffic services.,FAA Order JO 7360.1G,https://www.faa.gov/regulations_policies/orders_notices/index.cfm/go/document.information/documentID/1040874
Manufacturer,Aircraft Manufacturer Name,Not Applicable,"Name of the aircraft manufacturer. In some cases, there are multiple manufacturers for a specific aircraft type.",FAA Order JO 7360.1G,https://www.faa.gov/regulations_policies/orders_notices/index.cfm/go/document.information/documentID/1040874
Model_FAA,FAA Aircraft Model Name,Not Applicable,,FAA Order JO 7360.1G,https://www.faa.gov/regulations_policies/orders_notices/index.cfm/go/document.information/documentID/1040874
Model_BADA,Euecontrol Base of Aircraft Data (BADA) Aircraft Model Name,Not Applicable,,BADA Aircraft Performance Database,https://contentzone.eurocontrol.int/aircraftperformance/default.aspx?
Physical_Class_Engine,Engine Class,Not Applicable,"Electric, Jet, Turboprop, Piston, Turboshaft, and Rocket are engine classes",FAA Order JO 7360.1G and Aircraft Manufacturer Manual,https://www.faa.gov/regulations_policies/orders_notices/index.cfm/go/document.information/documentID/1040874
Num_Engines,Number of Engines,Not Applicable,,FAA Order JO 7360.1G and Aircraft Manufacturer Manual,https://www.faa.gov/regulations_policies/orders_notices/index.cfm/go/document.information/documentID/1040874
AAC,Aircraft Approach Category,Not Applicable,"AAC is determined based on the highest reported Approach Speed/Stall Speed in Flight Standardization Board (FSB) or aircraft manufacturer's documentation. For aircraft with a single reported AAC value, columns I and J are empty.","FAA AC/150-5300-13B, Aircraft Manufacturer Manual and FSB",https://www.faa.gov/airports/resources/advisory_circulars/index.cfm/go/document.current/documentnumber/150_5300-13
AAC_minimum,Minimum Aircraft Approach Category,Not Applicable,Minimum AAC is determined based on Approach Speed/Stall Speed in certain landing flap configurations and landing weights. It is applicable to aircraft with dual values of Approach Speed/Stall Speed in Flight Standardization Board (FSB) documentation.,"FAA AC/150-5300-13B, Aircraft Manufacturer Manual and FSB",https://www.faa.gov/airports/resources/advisory_circulars/index.cfm/go/document.current/documentnumber/150_5300-13
AAC_maximum,Maximum Aircraft Approach Category,Not Applicable,Maximum AAC is determined based on Approach Speed/Stall Speed in certain landing flap configurations and maximum landing weights. It is applicable to aircraft with dual values of Approach Speed/Stall Speed in Flight Standardization Board (FSB) documentation.,"FAA AC/150-5300-13B, Aircraft Manufacturer Manual and FSB",https://www.faa.gov/airports/resources/advisory_circulars/index.cfm/go/document.current/documentnumber/150_5300-13
ADG,Aircraft Design Group,Not Applicable,ADG is determined based on combination of Tail Height and Wingspan per FAA AC 150/5300-13B.,FAA AC/150-5300-13B and Aircraft Manufacturer Manual,https://www.faa.gov/airports/resources/advisory_circulars/index.cfm/go/document.current/documentnumber/150_5300-13
TDG,Taxiway Design Group,Not Applicable,TDG is determined based on combination of Main Gear Width and Cockpit to Main Gear Distance per FAA AC 150/5300-13B.,FAA AC/150-5300-13B and Aircraft Manufacturer Manual,https://www.faa.gov/airports/resources/advisory_circulars/index.cfm/go/document.current/documentnumber/150_5300-13
Approach_Speed_knot,Approach Speed to the runway at Maximum Allowable Landing Weight (MALW),Knots,"Approach speed is the highest speed in the approach phase determined by considering landing flap configurations and MALW in Flight Standardization Board (FSB) or aircraft manufacturer's documentation. For aircraft with a single reported Approach Speed, columns N and O are empty.",,
Approach_Speed_minimum_knot,Minimum Approach Speed to the runway at a certain Allowable Landing Weight (ALW),Knots,Minimum AAC is determined based on Approach Speed (or adjusted stalling speed when approach speed is not known) at the optimum landing flap configuration and at the Maximum Allowable Landing Weight (MALW) as reported in Flight Standardization Board (FSB) documentation.,Aircraft Manufacturer Manual,
Approach_Speed_maximum_knot,Maximum Approach Speed to the runway at Maximum Allowable Landing Weight (MALW),Knots,Maximum Approach speed is determined by considering certain landing flap configurations and MALW. It is applicable to aircraft with dual values of Approach Speed in Flight Standardization Board (FSB) documentation.,Aircraft Manufacturer Manual,
Wingspan_ft_without_winglets_sharklets,Aircraft Wingspan applicable for those models without winglets or sharklets,Feet,Wingspan is measured from tip to tip.,Aircraft Manufacturer Manual,
Wingspan_ft_with_winglets_sharklets,Aircraft Wingspan applicable for those models with winglets or sharklets,Feet,Wingspan is measured from tip to tip.,Aircraft Manufacturer Manual,
Length_ft,Aircraft Full Length,Feet,,Aircraft Manufacturer Manual,
Tail_Height_at_OEW_ft,Aircraft Tail Height at Operating Empty Weight (OEW),Feet,"OEW is the operating empty weight of an aircraft including the crew, all fluids necessary for operation such as engine oil but excluding fuel and no payload.",Aircraft Manufacturer Manual,
Wheelbase_ft,Aircraft Wheelbase,Feet,Wheelbase is the distance between main gears and nose gear/gears,Aircraft Manufacturer Manual,
Cockpit_to_Main_Gear_ft,Aircraft Cockpit to Main Gear (CMG) Distance,Feet,"In most General Aviation aircraft where the cockpit is located aft of the nose gear, CMG is equal to Wheelbase.",Aircraft Manufacturer Manual,
Main_Gear_Width_ft,Aircraft Main Gear Width,Feet,Distance between outer tires in the main landing gear.,Aircraft Manufacturer Manual,
MTOW_lb,Maximum Takeoff Gross Weight (MTOW),lbs,,Aircraft Manufacturer Manual,
MALW_lb,Maximum Allowable Landing Weight (MALW),lbs,,Aircraft Manufacturer Manual,
Main_Gear_Config,Main Gears Configuration,Not Applicable,,FAA Order 5300.7 and Aircraft Manufacturer Manual,https://www.faa.gov/regulations_policies/orders_notices/index.cfm/go/document.information/documentID/14484
ICAO_WTC,ICAO Weight Turbulence Category (WTC),Not Applicable,"Super (J), Heavy (H), Medium (M), and Light (L) are WTC categories",FAA Order JO 7360.1G,https://www.faa.gov/regulations_policies/orders_notices/index.cfm/go/document.information/documentID/1040874
Parking_Area_ft2,Minimum Parking Position Sizing (Area),Square Feet,Minimum Parking Position Sizing = (Wingspan + 10 feet)*(Length + 5 feet),FAA AC/150-5300-13B,https://www.faa.gov/airports/resources/advisory_circulars/index.cfm/go/document.current/documentnumber/150_5300-13
Class,Aircraft Class,Not Applicable,"Fixed-wing, Amphibian, Gyrocopter, Helicopter, Tiltrotor are aircraft classes",FAA Order JO 7360.1G,https://www.faa.gov/regulations_policies/orders_notices/index.cfm/go/document.information/documentID/1040874
FAA_Weight,FAA Weight Class,Not Applicable,"Super (J), Heavy (H), Large (L), Small (S), and Small+ (S+) are FAA Weight classes",FAA Order JO 7360.1G,https://www.faa.gov/regulations_policies/orders_notices/index.cfm/go/document.information/documentID/1040874
CWT,Consolidated Wake Turbulence Category,Not Applicable,Category A (largest) to category I (smallest) based on aircraft maximum takeoff weight,FAA Order JO 7360.1G,https://www.faa.gov/regulations_policies/orders_notices/index.cfm/go/document.information/documentID/1040874
One_Half_Wake_Category,RECAT (Recategorization) 1.5 Wake Category,Not Applicable,Category A to category F based on aircraft wingspan and maximum takeoff weight,FAA Order JO 7360.1G and JO 7110.659C,https://www.faa.gov/regulations_policies/orders_notices/index.cfm/go/document.information/documentID/1029006
Two_Wake_Category_Appx_A,RECAT (Recategorization) 2 Wake Category (Appendix A),Not Applicable,Category A to category G based on aircraft wingspan and maximum takeoff weight,FAA Order JO 7360.1E and JO JO 7110.123,https://www.faa.gov/regulations_policies/orders_notices/index.cfm/go/document.information/documentID/1036757
Two_Wake_Category_Appx_B,RECAT (Recategorization) 2 Wake Category (Appendix B),Not Applicable,Category A to category G based on aircraft wingspan and maximum takeoff weight,FAA Order JO 7360.1E and JO JO 7110.123,https://www.faa.gov/regulations_policies/orders_notices/index.cfm/go/document.information/documentID/1029781
Rotor_Diameter_ft,Rotor Diameter,Feet,Applicable to helicopters and tiltrotors,Aircraft Manufacturer Manual,
SRS,Same Runway Separation Category,Not Applicable,SRS determines separation between a departing aircraft from a preceding departing or arriving aircraft using the same runway,FAA Orders JO 7360.1G and JO 7110.65Z,https://www.faa.gov/regulations_policies/orders_notices/index.cfm/go/document.current/documentnumber/7110.65
LAHSO,Land and Hold Short Operations Group,Not Applicable,Groups 1 to 10,FAA Order JO 7360.1G,https://www.faa.gov/regulations_policies/orders_notices/index.cfm/go/document.information/documentID/1040874
FAA_Registry,Flag for FAA Registry,Not Applicable,"Yes if aircraft is registered by FAA, otherwise No",FAA Website,https://registry.faa.gov/aircraftinquiry/Search/MakeModelResult
Registration_Count,Registration Count in 2022 FAA Database,Not Applicable,Total number of registered aircraft based on aircraft ICAO code and the sub-model,FAA Website,https://www.faa.gov/licenses_certificates/aircraft_certification/aircraft_registry/releasable_aircraft_download
TMFS_Operations_CY23,Total NAS Operations with TFMS Flight Plan (IFR or VFR) in year indicated,Not Applicable,Underestimation of operations for small piston aircraft that operate mostly (~55%) without flight plans,FAA Traffic Flow Management System Counts,https://aspm.faa.gov/tfms/sys/main.asp
Last Update,Date on which aircraft data record last updated,Not Applicable,Version control,N/A,N/A
Terms in ACD_Data,Definition,,,,
N/A,Not Available,,,,
NOWGT,NOWGT (no weight) means a Wake Category has not been determined,,,,
Aircraft Manufacturers,Links to manufacturers' websites,,,,
Airbus,https://www.airbus.com/en/airport-operations-and-technical-data/aircraft-characteristics,,,,
Boeing,https://www.boeing.com/commercial/airports/plan_manuals.page,,,,
Bombardier,https://customer.aero.bombardier.com/webd/BAG/CustSite/BRAD/RACSDocument.nsf/vwWebPage/QuickLinks_EmergencyDocs?OpenDocument,,,,
Cessna,https://cessna.txtav.com/,,,,
Cirrus,https://cirrusaircraft.com/,,,,
Dassault,https://www.dassault-aviation.com/en/,,,,
Embraer,https://www.embraercommercialaviation.com/media-downloads/documents/#49-51-apm,,,,
Gulfstream,https://www.gulfstream.com/en/,,,,
Pilatus,https://www.pilatus-aircraft.com/en,,,,
Statistics,Number,,,,
Total Airframes Included,181844,,,,
Distinct Aircraft Types,388,,,,
Notes,,,,,
"1- If a specific aircraft has versions without winglets (sharklets) and with winglets (sharklets), the wingspan is reported for those versions in columns P and Q, respectively. Otherwise, the wingspan is reported in either column P or Q regarding the wings configurations.",,,,,
"2- If there are dual values of AAC for a specific aircraft in the Flight Standardization Board (FSB), those values with their corresponding Approach Speed are reported in columns I, J, N, and O, respectively. There are airplanes in FSB for those there are dual values of AAC, while there is just one available Approach Speed corresponding to one of those two AACs. In these cases, the available Approach Speed is mentioned with its related AAC, then the missing Approach Speed is calculated based on its corresponding AAC such that the Approach Speed reflects its related AAC while it is the closest possible number to the available Approach Speed for the other AAC. In cases with dual AAC values, AAC in column H and its corresponding Approach Speed in column M depict the most critical (extreme) values of AAC and Approach Speed. For airplanes with a single value of AAC, AAC and its corresponding Approach Speed are reported in columns H and M, respectively.",,,,,
